Species,Number,Mortals,Guide,Recorder,Lat,Long,Time,GPS Label,Obs-Anml Dist,Angle,Angle Radians,Perp,Distance frm Start,Direction traveled,Fruit,Obs Type,Trail,Weather,Temperature,Date,Start/End of Trail?,Category of Date,Comments
WCH,1,1,Jean-Jacques,ALL,3.19247,12.817665,2017-01-31T05:39:11Z,WCH 1,7,60,1.047197551,6.062177826,480,CCW,,h,ENT,Overcast,22,1/31/17,6:25,EM,Everything in yellow might not have right distance from start
AGP,1,1,Jean-Jacques,ALL,3.193134,12.817764,2017-01-31T05:44:29Z,AGP 2,0,0,0,0,540,CCW,,h,ENT,Overcast,,1/31/17,,EM,
RBDH,1,1,Jean-Jacques,ALL,3.19391,12.819243,2017-01-31T05:51:36Z,RBDH 3,5,320,5.585053606,3.213938048,710,CCW,,h,ENT,Overcast,,1/31/17,,EM,
RBDH,2,2,Jean-Jacques,ALL,3.19391,12.819243,2017-01-31T05:51:36Z,RBDH 3,900,340,5.934119457,307.818129,710,CCW,,h,ENT,Overcast,,1/31/17,,EM,
GBT,1,0,Jean-Jacques,ALL,3.19391,12.819243,2017-01-31T05:51:36Z,RBDH 3,100,200,3.490658504,34.20201433,710,CCW,,h,ENT,Overcast,,1/31/17,,EM,
BCH,3,3,Jean-Jacques,ALL,3.19626,12.822314,2017-01-31T06:09:17Z,BCH 4,800,270,4.71238898,800,1170,CCW,,h,ENT,Overcast,,1/31/17,,EM,
RBDH,1,1,Jean-Jacques,ALL,3.19626,12.822314,2017-01-31T06:09:17Z,BCH 4,160,160,2.792526803,54.72322293,1170,CCW,,h,ENT,Overcast,,1/31/17,,EM,
PPH,4,4,Jean-Jacques,ALL,3.197409,12.822201,2017-01-31T06:15:34Z,PPH 5,0,0,0,0,1200,CCW,,s,ENT,Overcast,,1/31/17,,EM,
BCH,2,2,Jean-Jacques,ALL,3.197554,12.822068,2017-01-31T06:26:17Z,WNG 6,100,270,4.71238898,100,1230,CCW,,h,ENT,Overcast,,1/31/17,,EM,
WNG,25,15,Jean-Jacques,ALL,3.197554,12.822068,2017-01-31T06:26:17Z,WNG 6,40,100,1.745329252,39.39231012,1230,CCW,,s,ENT,Overcast,,1/31/17,,EM,But we really only saw 5
PPH,1,1,Jean-Jacques,ALL,3.197554,12.822068,2017-01-31T06:26:17Z,WNG 6,200,300,5.235987756,173.2050808,1230,CCW,,h,ENT,Overcast,,1/31/17,,EM,
CRG,1,1,Jean-Jacques,ALL,3.199032,12.820826,2017-01-31T06:36:24Z,CRG 7,320,200,3.490658504,109.4464459,1250,CCW,,h,ENT,Overcast,,1/31/17,,EM,
BCH,2,2,Jean-Jacques,ALL,3.202271,12.822187,2017-01-31T06:47:48Z,BCH 8,300,120,2.094395102,259.8076211,1620,CCW,,h,ENT,Overcast,,1/31/17,,EM,
RBDH,2,2,Jean-Jacques,ALL,3.202365,12.822288,2017-01-31T06:51:12Z,RBDH 9,20,100,1.745329252,19.69615506,1630,CCW,,s,ENT,Overcast,,1/31/17,,EM,
WTH,1,1,Jean-Jacques,ALL,3.202365,12.822288,2017-01-31T06:51:12Z,RBDH 9,20,20,0.34906585,6.840402867,1630,CCW,,h,ENT,Overcast,,1/31/17,,EM,
BCH,1,1,Jean-Jacques,ALL,3.205595,12.824391,2017-01-31T07:05:35Z,BCH 10,900,320,5.585053606,578.5088487,2006,CCW,,h,ENT,Overcast,,1/31/17,,EM,
WNG,11,3,Jean-Jacques,ALL,3.206026,12.82443,2017-01-31T07:09:50Z,WNG 11,300,100,1.745329252,295.4423259,2110,CCW,,h,ENT,Overcast,,1/31/17,,EM,
BCH,2,2,Jean-Jacques,ALL,3.206026,12.82443,2017-01-31T07:09:50Z,WNG 11,350,30,0.523598776,175,2110,CCW,,s,ENT,Overcast,,1/31/17,,EM,
BCH,1,1,Jean-Jacques,ALL,3.210961,12.822853,2017-01-31T07:28:14Z,BCH 12,100,270,4.71238898,100,2490,CCW,,h,ENT,Overcast,,1/31/17,,EM,
AGP,2,2,Jean-Jacques,ALL,3.211402,12.822687,2017-01-31T07:32:12Z,ENT END,0,0,0,0,2490,CCW,,s,ENT,Overcast,No end temp,1/31/17,8:32,EM,
BCH,1,1,Jean-Jacques,ALL,3.211451,12.822239,2017-01-31T07:45:36Z,BCH 13,100,20,0.34906585,34.20201433,45,CCW,,h,BD,Precipation,No start temp,1/31/17,8:43,MM,
BCH,3,3,Jean-Jacques,ALL,3.211639,12.821493,2017-01-31T07:50:15Z,BCH 14,100,100,1.745329252,98.4807753,135,CCW,,s,BD,Precipation,,1/31/17,,MM,
BCH,3,3,Jean-Jacques,ALL,3.208936,12.815595,2017-01-31T08:34:21Z,Gorilla Poop,0,0,0,0,250,CCW,,s,BD,Precipation,,1/31/17,,MM,
CRG,18,0,Jean-Jacques,ALL,3.208936,12.815595,2017-01-31T08:34:21Z,CRG 15,3,300,5.235987756,2.598076211,841,CCW,,s,BD,Precipation,,1/31/17,,MM,
WCH,1,1,Jean-Jacques,ALL,3.208936,12.815595,2017-01-31T08:34:21Z,CRG 15,0,0,0,0,841,CCW,,s,BD,Precipation,,1/31/17,,MM,
BCH,1,1,Jean-Jacques,ALL,3.209244,12.810731,2017-01-31T09:03:43Z,BLDWN END,90,160,2.792526803,30.7818129,900,CCW,,h,BD,Precipation,No end temp,1/31/17,,MM,
BCH,1,1,Jean-Jacques,ALL,3.187682,12.810814,2017-02-01T05:21:37Z,BCH 16,50,100,1.745329252,49.24038765,200,CW,,s,MBA,Overcast,22,2/1/17,6:15,EM,
AGP,2,2,Jean-Jacques,ALL,3.187682,12.810814,2017-02-01T05:21:37Z,BCH 16,0,0,0,0,200,CW,,s,MBA,Overcast,,2/1/17,,EM,
BCH,20,20,Jean-Jacques,ALL,3.187171,12.811076,2017-02-01T05:27:05Z,CRG 17,0,0,0,0,332,CW,,s,MBA,Overcast,,2/1/17,,EM,
CRG,15,7,Jean-Jacques,ALL,3.187171,12.811076,2017-02-01T05:27:05Z,CRG 17,30,280,4.886921906,29.54423259,332,CW,,s,MBA,Overcast,,2/1/17,,EM,
BCH,3,3,Jean-Jacques,ALL,3.186614,12.811518,2017-02-01T05:40:43Z,BCH 18,20,300,5.235987756,17.32050808,636,CW,,s,MBA,Overcast,,2/1/17,,EM,
WCH,1,1,Jean-Jacques,ALL,3.179782,12.815359,2017-02-01T06:08:56Z,WCH 19,20,270,4.71238898,20,2100,CW,,s,MBA,Overcast,,2/1/17,7:26,EM,
WCH,3,3,Jean-Jacques,ALL,3.173829,12.815376,2017-02-01T07:32:17Z,WCH 20,15,200,3.490658504,5.13030215,0,CW,,s,JL,Overcast,22,2/1/17,8:30,MM,
APH,2,2,Jean-Jacques,ALL,3.173829,12.815376,2017-02-01T07:32:17Z,WCH 20,60,350,6.108652382,10.41889066,0,CW,,s,JL,Overcast,,2/1/17,,MM,
CRG,7,1,Jean-Jacques,ALL,3.173829,12.815376,2017-02-01T07:32:17Z,WCH 20,40,320,5.585053606,25.71150439,0,CW,,h,JL,Overcast,,2/1/17,,MM,
BCH,5,5,Jean-Jacques,ALL,3.173829,12.815376,2017-02-01T07:32:17Z,WCH 20,80,300,5.235987756,69.2820323,0,CW,,s,JL,Overcast,,2/1/17,,MM,
GBT,1,1,Jean-Jacques,ALL,3.173829,12.815376,2017-02-01T07:32:17Z,WCH 20,130,0,0,0,0,CW,,h,JL,Overcast,,2/1/17,,MM,
GBT,2,2,Jean-Jacques,ALL,3.173829,12.815376,2017-02-01T07:32:17Z,GBT 21,40,300,5.235987756,34.64101615,400,CW,,h,JL,Overcast,,2/1/17,,MM,
GBT,2,2,Jean-Jacques,ALL,3.172154,12.814898,2017-02-01T07:59:55Z,GBT 22,100,280,4.886921906,98.4807753,870,CW,,s,JL,Overcast,22,2/1/17,9:49,MM,
APH,2,2,Jean-Jacques,ALL,3.172565,12.810532,2017-02-01T08:30:22Z,APH 23,0,0,0,0,N/A,CW,,s,BOU,Sunny,25,2/1/17,12:12,LM,
APH,3,3,Jean-Jacques,ALL,3.17606,12.805579,2017-02-01T09:07:38Z,APH 24,0,0,0,0,N/A,CW,,s,BOU,Sunny,,2/1/17,,LM,
GCM,4,4,Jean-Jacques,ALL,3.177531,12.80318,2017-02-01T10:16:05Z,GCM 25,30,260,4.537856055,29.54423259,N/A,CW,,s,BOU,Sunny,,2/1/17,,LM,
BCH,4,4,Jean-Jacques,ALL,3.188443,12.806773,2017-02-01T11:24:39Z,BCH 26,40,0,0,0,600,CW,,h,BOU,Sunny,,2/1/17,,LM,
RBDH,1,1,Jean-Jacques,ALL,3.18902,12.809059,2017-02-01T11:34:13Z,RBDH 27,5,20,0.34906585,1.710100717,N/A,CW,,h,BOU,Sunny,25,2/1/17,12:43,LM,
CRG,1,0,Luke,JM,3.189047,12.80926,2017-02-02T05:33:51Z,23,25,10,0.174532925,4.341204442,90,CW,,h,BOU,Overcast,,2/2/17,6:26,EM,First Day With Luke. Marina and Jesse thinks missing BCH
RBDH,2,2,Luke,JM,3.188304,12.8057,2017-02-02T05:51:18Z,24,15,100,1.745329252,14.7721163,600,CW,,h,BOU,Overcast,,2/2/17,,EM,
APH,2,2,Luke,JM,3.188312,12.803397,2017-02-02T06:02:33Z,25,0,0,0,0,990,CW,,s,BOU,Overcast,,2/2/17,7:15,EM,
RBDH,2,2,Luke,JM,3.190672,12.802609,2017-02-02T06:30:30Z,28,10,90,1.570796327,10,27,CW,,h,FW,Overcast,,2/2/17,7:25,EM,
AGP,4,4,Luke,JM,3.191194,12.802985,2017-02-02T06:35:55Z,29,0,0,0,0,118,CW,,s,FW,Overcast,,2/2/17,,EM,
APH,1,1,Luke,JM,3.195189,12.800743,2017-02-02T07:34:31Z,32,20,350,6.108652382,3.472963553,218,CW,,s,FW,Overcast,,2/2/17,,EM,
CRG,10,10,Luke,JM,3.195189,12.800743,2017-02-02T07:34:31Z,32,100,340,5.934119457,34.20201433,1114,CW,,s,FW,Overcast,,2/2/17,,EM,
WNG,10,10,Luke,JM,3.195189,12.800743,2017-02-02T07:34:31Z,32,30,340,5.934119457,10.2606043,1124,CW,,s,FW,Overcast,,2/2/17,9:02,EM,
BCH,2,0,Luke,JM,3.205202,12.802282,2017-02-02T08:46:37Z,37,50,190,3.316125579,8.682408883,1300,CW,,h,EL,Overcast,,2/2/17,9:02,MM,
CRG,20,0,Luke,JM,3.206061,12.803157,2017-02-02T08:55:03Z,38,20,100,1.745329252,19.69615506,1579,CW,,s,EL,Overcast,,2/2/17,,MM,
CRG,25,25,Luke,JM,3.206496,12.803558,2017-02-02T09:03:17Z,39,50,270,4.71238898,50,1709,CW,,s,EL,Overcast,,2/2/17,,MM,
WNG,30,30,Luke,JM,3.206469,12.803783,2017-02-02T09:06:18Z,40,50,300,5.235987756,43.30127019,1710,CW,,s,EL,Overcast,,2/2/17,,MM,
AGP,1,1,Luke,JM,3.206469,12.803783,2017-02-02T09:06:18Z,40,50,80,1.396263402,49.24038765,1710,CW,,s,EL,Overcast,,2/2/17,,MM,
CHIMP,13,13,Luke,JM,3.206469,12.803783,2017-02-02T09:06:18Z,40,300,190,3.316125579,52.0944533,1710,CW,,h,EL,Overcast,,2/2/17,,MM,
BCH,3,3,Luke,JM,3.206469,12.803783,2017-02-02T09:06:18Z,40,50,0,0,0,1718,CW,,s,EL,Overcast,,2/2/17,Break 10:36-11:00,MM,
BCH,6,6,Luke,JM,3.20853,12.809048,2017-02-02T10:02:30Z,41,0,0,0,0,2450,CW,,s,EL,Overcast,,2/2/17,11:17,MM,
APH,1,1,Luke,JM,3.202212,12.810869,2017-02-02T10:58:14Z,45,10,110,1.919862177,9.396926208,1209,CW,,h,CDC,Overcast,,2/2/17,11:25,LM,
RBDH,4,4,Luke,JM,3.200033,12.8113,2017-02-02T11:06:58Z,46,0,0,0,0,1709,CW,,h,CDC,Overcast,,2/2/17,,LM,
WNG,15,15,Luke,JM,3.199742,12.81189,2017-02-02T11:10:35Z,47,200,340,5.934119457,68.40402867,1818,CW,,h,CDC,Overcast,,2/2/17,,LM,
BWC,15,15,Luke,JM,3.199742,12.81189,2017-02-02T11:10:35Z,47,200,340,5.934119457,68.40402867,1818,CW,,h,CDC,Overcast,,2/2/17,12:41,LM,
BCH,1,1,Jean-Jacques,ET,3.191143,12.811528,2017-02-02T05:22:56Z,N6 STRT,24,280,4.886921906,23.63538607,0,CCW,,h,N6,Overcast,Start Temp: 23,2/2/17,6:24,EM,
BCH,2,1,Jean-Jacques,ET,3.193267,12.81168,2017-02-02T05:33:07Z,BCH28,40,270,4.71238898,40,345,CCW,,h,N6,Overcast,,2/2/17,,EM,
BCH,1,1,Jean-Jacques,ET,3.194003,12.811339,2017-02-02T05:39:53Z,BCH29,30,100,1.745329252,29.54423259,500,CCW,,h,N6,Overcast,,2/2/17,,EM,
RBDH,1,1,Jean-Jacques,ET,3.194376,12.809311,2017-02-02T05:51:16Z,RBDH30,70,20,0.34906585,23.94141003,720,CCW,,h,N6,Overcast,,2/2/17,,EM,
CRG,2,2,Jean-Jacques,ET,3.194376,12.809311,2017-02-02T05:51:16Z,RBDH30,10,300,5.235987756,8.660254038,720,CCW,,s,N6,Overcast,,2/2/17,,EM,
BCH,2,2,Jean-Jacques,ET,3.194376,12.809311,2017-02-02T05:51:16Z,RBDH30,20,350,6.108652382,3.472963553,720,CCW,,h,N6,Overcast,,2/2/17,,EM,
CRG,2,2,Jean-Jacques,ET,3.194723,12.808317,2017-02-02T06:08:08Z,GRG31,40,260,4.537856055,39.39231012,780,CCW,,h,N6,Overcast,,2/2/17,,EM,
AGP,3,3,Jean-Jacques,ET,3.194997,12.807738,2017-02-02T06:15:34Z,AGP32,5,180,3.141592654,6.13E-16,940,CCW,,h,N6,Overcast,,2/2/17,,EM,
CRG,2,2,Jean-Jacques,ET,3.194997,12.807738,2017-02-02T06:15:34Z,AGP32,30,300,5.235987756,25.98076211,940,CCW,,s,N6,Overcast,,2/2/17,,EM,
BCH,2,2,Jean-Jacques,ET,3.195154,12.807516,2017-02-02T06:24:20Z,BCH33,10,90,1.570796327,10,960,CCW,,h,N6,Overcast,,2/2/17,,EM,
WTH,1,1,Jean-Jacques,ET,3.195243,12.807,2017-02-02T06:31:35Z,WTH34,60,20,0.34906585,20.5212086,970,CCW,,h,N6,Overcast,,2/2/17,,EM,
RBDH,3,3,Jean-Jacques,ET,3.195243,12.807,2017-02-02T06:31:35Z,WTH34,60,270,4.71238898,60,970,CCW,,h,N6,Overcast,,2/2/17,,EM,
BCH,1,1,Jean-Jacques,ET,3.195248,12.806472,2017-02-02T06:36:11Z,BCH35,40,10,0.174532925,6.945927107,991,CCW,,h,N6,Overcast,,2/2/17,,EM,
BCH,1,1,Jean-Jacques,ET,3.194978,12.805689,2017-02-02T06:43:58Z,BCH36,7,180,3.141592654,8.58E-16,1080,CCW,,h,N6,Overcast,,2/2/17,,EM,
BCH,1,1,Jean-Jacques,ET,3.194796,12.805458,2017-02-02T06:46:17Z,BCH37,40,0,0,0,1080,CCW,,h,N6,Overcast,,2/2/17,,EM,
APH,1,0,Jean-Jacques,ET,3.195527,12.802506,2017-02-02T07:05:20Z,APH38,200,90,1.570796327,200,1610,CCW,,h,N6,Overcast,,2/2/17,,MM,
BCH,1,1,Jean-Jacques,ET,3.195411,12.802257,2017-02-02T07:11:42Z,APH39,50,90,1.570796327,50,1610,CCW,,h,N6,Overcast,,2/2/17,,MM,
BCH,1,1,Jean-Jacques,ET,3.195411,12.802257,2017-02-02T07:11:42Z,BCH39,10,20,0.34906585,3.420201433,1620,CCW,,h,N6,Overcast,,2/2/17,,MM,
WTH,2,2,Jean-Jacques,ET,3.19585,12.801582,2017-02-02T07:27:45Z,WTH40,25,270,4.71238898,25,1710,CCW,,h,N6,Overcast,,2/2/17,,MM,
RBDH,1,1,Jean-Jacques,ET,3.195476,12.800917,2017-02-02T07:36:14Z,RBDH41,40,200,3.490658504,13.68080573,1900,CCW,,h,N6,Overcast,No End Temp,2/2/17,8:35,MM,
BCH,1,1,Jean-Jacques,ET,3.19585,12.801582,2017-02-02T07:27:45Z,BCH42,50,120,2.094395102,43.30127019,N/A,CCW,,h,Not On A Trail,Sunny,Start Temp: 23.5,2/2/17,10:20,LM,
WNG,1,1,Jean-Jacques,ET,3.195476,12.800917,2017-02-02T07:36:14Z,WNG43,30,260,4.537856055,29.54423259,N/A,CCW,,h,Not On A Trail,Sunny,,2/2/17,,LM,
BCH,3,3,Jean-Jacques,ET,3.19585,12.801582,2017-02-02T07:27:45Z,BCH45,0,0,0,0,N/A,CCW,,s,Not On A Trail,Sunny,,2/2/17,,LM,
WNG,7,3,Jean-Jacques,ET,3.195476,12.800917,2017-02-02T07:36:14Z,WNG46,21,10,0.174532925,3.646611731,50,CCW,,s,SB,Sunny,,2/2/17,START: 11:10,LM,
BCH,2,2,Jean-Jacques,ET,3.19585,12.801582,2017-02-02T07:27:45Z,BCH47,23,350,6.108652382,3.993908086,200,CCW,,h,SB,Sunny,,2/2/17,,LM,
BCH,2,2,Jean-Jacques,ET,3.195476,12.800917,2017-02-02T07:36:14Z,BCH48,27,60,1.047197551,23.3826859,550,CCW,,h,SB,Sunny,,2/2/17,,LM,
MM,4,4,Jean-Jacques,ET,3.19585,12.801582,2017-02-02T07:27:45Z,MM49,300,2,0.034906585,10.46984901,600,CCW,,h,SB,Sunny,,2/2/17,,LM,
BCH,3,3,Jean-Jacques,ET,3.195476,12.800917,2017-02-02T07:36:14Z,BCH50,0,0,0,0,620,CCW,,s,SB,Sunny,End Temp:23.5,2/2/17,11:54,LM,
BCH,1,1,Jean-Jacques,ET,3.193928,12.819278,2017-02-03T06:32:23Z,BCH52,27,300,5.235987756,23.3826859,110,CCW,,h,ENT,Overcast,Start Temp: 21.5,2/3/17,7:30,EM,
WCH,1,1,Jean-Jacques,ET,3.193722,12.820896,2017-02-03T06:38:39Z,WCH53,3,45,0.785398163,2.121320344,290,CCW,,s,ENT,Overcast,,2/3/17,,EM,
RBDH,2,2,Jean-Jacques,ET,3.193932,12.821403,2017-02-03T06:40:52Z,RBDH54,40,30,0.523598776,20,360,CCW,,h,ENT,Overcast,,2/3/17,,EM,
WCH,1,1,Jean-Jacques,ET,3.195653,12.8222,2017-02-03T06:46:55Z,WCH55,29,35,0.610865238,16.63371665,600,CCW,,h,ENT,Overcast,,2/3/17,,EM,
WNG,2,2,Jean-Jacques,ET,3.196658,12.822474,2017-02-03T06:52:41Z,WNG56,5,270,4.71238898,5,680,CCW,,s,ENT,Overcast,,2/3/17,,EM,
BCH,1,1,Jean-Jacques,ET,3.197123,12.822346,2017-02-03T06:59:47Z,BCH57,15,270,4.71238898,15,790,CCW,,h,ENT,Overcast,,2/3/17,,EM,
WCH,1,1,Jean-Jacques,ET,3.197123,12.822346,2017-02-03T06:59:47Z,BCH57,40,310,5.410520681,30.64177772,790,CCW,,h,ENT,Overcast,,2/3/17,,EM,
WCH,2,2,Jean-Jacques,ET,3.197893,12.821682,2017-02-03T07:03:47Z,WCH58,27,350,6.108652382,4.688500797,850,CCW,,h,ENT,Overcast,,2/3/17,,EM,
MM,3,3,Jean-Jacques,ET,3.198183,12.821498,2017-02-03T07:06:29Z,MM59,5,250,4.36332313,4.698463104,960,CCW,,s,ENT,Overcast,,2/3/17,,MM,
MM,4,4,Jean-Jacques,ET,3.200863,12.820432,2017-02-03T07:22:20Z,MM60,5,290,5.061454831,4.698463104,1130,CCW,,s,ENT,Overcast,,2/3/17,,MM,
WTH,2,2,Jean-Jacques,ET,3.201828,12.821482,2017-02-03T07:28:33Z,WTH61,45,300,5.235987756,38.97114317,1480,CCW,,h,ENT,Overcast,,2/3/17,,MM,
BWC,2,2,Jean-Jacques,ET,3.201888,12.821614,2017-02-03T07:34:39Z,BWC62,50,300,5.235987756,43.30127019,1540,CCW,,h,ENT,Overcast,,2/3/17,,MM,
APH,2,2,Jean-Jacques,ET,3.202417,12.82228,2017-02-03T07:39:27Z,APH63,2,270,4.71238898,2,1650,CCW,,s,ENT,Overcast,,2/3/17,,MM,
BCH,1,1,Jean-Jacques,ET,3.2031,12.823491,2017-02-03T07:45:21Z,BCH64,2,160,2.792526803,0.684040287,1760,CCW,,h,ENT,Overcast,,2/3/17,,MM,
APH,1,1,Jean-Jacques,ET,3.2031,12.823491,2017-02-03T07:45:21Z,BCH64,1,200,3.490658504,0.342020143,1760,CCW,,s,ENT,Overcast,,2/3/17,,MM,
WTH,1,1,Jean-Jacques,ET,3.203136,12.823609,2017-02-03T07:50:57Z,WTH65,7,210,3.665191429,3.5,1760,CCW,,s,ENT,Overcast,,2/3/17,,MM,
PPH,2,2,Jean-Jacques,ET,3.203136,12.823609,2017-02-03T07:50:57Z,WTH65,2,340,5.934119457,0.684040287,1760,CCW,,h,ENT,Overcast,,2/3/17,,MM,
PPH,2,2,Jean-Jacques,ET,3.204124,12.824449,2017-02-03T07:59:00Z,PPH66,50,345,6.021385919,12.94095226,1950,CCW,,h,ENT,Overcast,,2/3/17,,MM,
WNG,2,2,Jean-Jacques,ET,3.206839,12.824328,2017-02-03T08:07:43Z,WNG67,59,40,0.698131701,37.92446897,2270,CCW,,h,ENT,Overcast,,2/3/17,,MM,
WTH,2,2,Jean-Jacques,ET,3.207453,12.824207,2017-02-03T08:10:39Z,WTH68,33,330,5.759586532,16.5,2350,CCW,,h,ENT,Overcast,,2/3/17,,MM,
APH,1,1,Jean-Jacques,ET,3.207453,12.824207,2017-02-03T08:10:39Z,WTH68,0,0,0,0,2350,CCW,,s,ENT,Overcast,,2/3/17,,MM,
WNG,6,6,Jean-Jacques,ET,3.209415,12.824055,2017-02-03T08:21:27Z,WNG69,3,200,3.490658504,1.02606043,2570,CCW,,s,ENT,Overcast,,2/3/17,,MM,
WTH,2,2,Jean-Jacques,ET,3.209415,12.824055,2017-02-03T08:21:27Z,WNG69,2,45,0.785398163,1.414213562,2570,CCW,,s,ENT,Overcast,,2/3/17,,MM,
BCH,2,2,Jean-Jacques,ET,3.209922,12.823986,2017-02-03T08:25:20Z,BCH70,50,240,4.188790205,43.30127019,2610,CCW,,h,ENT,Overcast,,2/3/17,,MM,
BCH,1,1,Jean-Jacques,ET,3.210576,12.822954,2017-02-03T08:32:01Z,BCH71,10,200,3.490658504,3.420201433,2760,CCW,,h,ENT,Overcast,End Temp: 21.0,2/3/17,9:34,MM,
BCH,2,2,Jean-Jacques,ET,3.211291,12.82136,2017-02-03T08:55:15Z,BCH72,25,40,0.698131701,16.06969024,560,CCW,,h,BD,Partly Sunny,Start Temp: 21,2/3/17,9:47,MM,
GBT,2,2,Jean-Jacques,ET,3.211291,12.82136,2017-02-03T08:55:15Z,BCH72,45,340,5.934119457,15.39090645,560,CCW,,h,BD,Partly Sunny,,2/3/17,,MM,
BCH,1,1,Jean-Jacques,ET,3.211099,12.820864,2017-02-03T08:59:30Z,BCH73,20,20,0.34906585,6.840402867,600,CCW,,h,BD,Partly Sunny,,2/3/17,,MM,
APH,2,2,Jean-Jacques,ET,3.210971,12.820233,2017-02-03T09:02:23Z,APH74,28,15,0.261799388,7.246933263,700,CCW,,h,BD,Partly Sunny,,2/3/17,,LM,
BCH,1,1,Jean-Jacques,ET,3.210838,12.820022,2017-02-03T09:04:02Z,BCH75,0,0,0,0,700,CCW,,s,BD,Partly Sunny,,2/3/17,,LM,
CHIMP,1,1,Jean-Jacques,ET,3.209846,12.818741,2017-02-03T09:13:59Z,CHIMP76,0,350,6.108652382,0,860,CCW,,s,BD,Partly Sunny,,2/3/17,,LM,
BCH,1,1,Jean-Jacques,ET,3.209295,12.816857,2017-02-03T09:23:39Z,BCH77,20,300,5.235987756,17.32050808,980,CCW,,h,BD,Partly Sunny,,2/3/17,,LM,
WNG,2,2,Jean-Jacques,ET,3.209136,12.816024,2017-02-03T09:27:21Z,WNG78,50,35,0.610865238,28.67882182,1160,CCW,,h,BD,Partly Sunny,,2/3/17,,LM,
MM,4,4,Jean-Jacques,ET,3.209482,12.813405,2017-02-03T09:42:34Z,MM79,10,60,1.047197551,8.660254038,1560,CCW,,s,BD,Partly Sunny,,2/3/17,,LM,
BCH,1,1,Jean-Jacques,ET,3.209482,12.813405,2017-02-03T09:42:34Z,MM79,50,330,5.759586532,25,1560,CCW,,h,BD,Partly Sunny,,2/3/17,,LM,
BCH,2,2,Jean-Jacques,ET,3.209565,12.811719,2017-02-03T09:52:59Z,BCH80,43,0,0,0,1750,CCW,,h,BD,Partly Sunny,End Temp : 22,2/3/17,10:55,LM,
PPH,2,2,Jean-Jacques,ET,3.209563,12.811756,2017-02-03T09:55:01Z,CDC START/B END,10,0,0,0,0,CCW,,h,EL ,Sunny,Start Temp: 22,2/3/17,10:57,LM,This data is under CDC in Emily's Notebook\
CHIMP,10,1,Jean-Jacques,ET,3.209283,12.8108,2017-02-03T10:01:46Z,CHIMP81,60,20,0.34906585,20.5212086,200,CCW,,h,EL ,Sunny,,2/3/17,,LM,
BCH,2,2,Jean-Jacques,ET,3.209377,12.810071,2017-02-03T10:07:26Z,BCH82,15,0,0,0,260,CCW,,h,EL ,Sunny,,2/3/17,,LM,
BCH,1,1,Jean-Jacques,ET,3.208459,12.80878,2017-02-03T10:15:42Z,BCH83,22,50,0.872664626,16.85297775,490,CCW,,h,EL ,Sunny,,2/3/17,,LM,
WTH,1,1,Jean-Jacques,ET,3.205186,12.802312,2017-02-03T10:41:13Z,WTH84,20,110,1.919862177,18.79385242,1290,CCW,,s,EL ,Sunny,,2/3/17,,LM,
WCH,1,1,Jean-Jacques,ET,3.204574,12.801588,2017-02-03T10:50:22Z,WCH85,22,95,1.658062789,21.91628336,1300,CCW,,h,EL ,Sunny,,2/3/17,,LM,
WNG,7,7,Jean-Jacques,ET,3.204574,12.801588,2017-02-03T10:50:22Z,WCH85,2,0,0,0,1300,CCW,,s,EL ,Sunny,,2/3/17,,LM,
GCM,2,2,Jean-Jacques,ET,3.199664,12.801144,2017-02-03T11:13:17Z,GCM86,80,310,5.410520681,61.28355545,2340,CCW,,h,EL ,Sunny,,2/3/17,,AF,
BCH,1,1,Jean-Jacques,ET,3.199664,12.801144,2017-02-03T11:13:17Z,GCM86,50,0,0,0,2340,CCW,,h,EL ,Sunny,,2/3/17,,AF,
APH,1,1,Jean-Jacques,ET,3.1978,12.801027,2017-02-03T11:19:37Z,APH87,27,335,5.846852994,11.41069307,2510,CCW,,h,EL ,Sunny,,2/3/17,,AF,
BCH,2,2,Jean-Jacques,ET,3.197467,12.80096,2017-02-03T11:21:04Z,BCH80,5,0,0,0,2620,CCW,,s,EL ,Sunny,End Temp: 23.2,2/3/17,12:25,AF,
WNG,3,3,Jean-Jacques,JM,3.189271,12.810049,2017-02-04T05:31:55Z,56,40,10,0.174532925,6.945927107,72,CCW,,h,BOU,Overcast,,2/4/17,6:28,EM,
BCH,2,2,Jean-Jacques,JM,3.189059,12.80939,2017-02-04T05:37:01Z,57,27,10,0.174532925,4.688500797,237,CCW,,h,BOU,Overcast,,2/4/17,,EM,
RBDH,3,3,Jean-Jacques,JM,3.188351,12.806515,2017-02-04T05:45:34Z,58,27,90,1.570796327,27,561,CCW,,h,BOU,Overcast,,2/4/17,7:00,EM,
WNG,2,2,Jean-Jacques,JM,3.173274,12.809174,2017-02-04T07:53:14Z,71,50,240,4.188790205,43.30127019,500,CCW,,h,JL,Overcast,,2/4/17,8:43,MM,
WNG,2,2,Jean-Jacques,JM,3.17306,12.809672,2017-02-04T07:56:32Z,72,40,100,1.745329252,39.39231012,580,CCW,,h,JL,Overcast,,2/4/17,,MM,
BCH,1,0,Jean-Jacques,JM,3.172886,12.810239,2017-02-04T08:01:14Z,73,50,90,1.570796327,50,616,CCW,,s,JL,Overcast,,2/4/17,,MM,
AGP,5,5,Jean-Jacques,JM,3.171979,12.812565,2017-02-04T08:15:20Z,74,50,45,0.785398163,35.35533906,990,CCW,,s,JL,Overcast,,2/4/17,,MM,
APH,1,1,Jean-Jacques,JM,3.171979,12.812565,2017-02-04T08:15:20Z,74,20,90,1.570796327,20,996,CCW,,s,JL,Overcast,,2/4/17,,MM,
MM,15,15,Jean-Jacques,JM,3.172182,12.81443,2017-02-04T08:27:24Z,75,40,0,0,0,1260,CCW,,s,JL,Overcast,,2/4/17,,MM,
WNG,10,10,Jean-Jacques,JM,3.172182,12.81443,2017-02-04T08:27:24Z,75,50,50,0.872664626,38.30222216,1200,CCW,,h,JL,Overcast,,2/4/17,,MM,
RBDH,2,2,Jean-Jacques,JM,3.172429,12.815482,2017-02-04T08:38:36Z,76,40,40,0.698131701,25.71150439,1314,CCW,,h,JL,Overcast,,2/4/17,9:43,MM,
CRG,10,1,Luke,ET,3.189885,12.813803,2017-02-04T05:31:05Z,CRG81,50,300,5.235987756,43.30127019,35,CW,,h,SB,Overcast,,2/4/17,6:27,EM,
BCH,1,1,Luke,ET,3.189885,12.813803,2017-02-04T05:31:05Z,CRG82,10,20,0.34906585,3.420201433,35,CW,,h,SB,Overcast,,2/4/17,,EM,
BCH,2,2,Luke,ET,3.188865,12.814091,2017-02-04T05:42:56Z,BCH82,20,270,4.71238898,20,217,CW,,s,SB,Overcast,,2/4/17,,EM,
BCH,2,2,Luke,ET,3.188859,12.814097,2017-02-04T05:43:19Z,BCH83,20,260,4.537856055,19.69615506,432,CW,,h,SB,Overcast,,2/4/17,,EM,
GBT,2,2,Luke,ET,3.18583,12.816419,2017-02-04T06:09:38Z,GBT84,30,300,5.235987756,25.98076211,702,CW,,h,SB,Overcast,,2/4/17,7:31,EM,
GBT,2,2,Luke,ET,3.176209,12.816637,2017-02-04T07:19:19Z,STARTBASAKO,0,90,1.570796327,0,0,CW,,h,MBA,Overcast,,2/4/17,8:20,MM,
MM,1,1,Luke,ET,3.179264,12.815833,2017-02-04T07:35:40Z,MM85,30,60,1.047197551,25.98076211,370,CW,,s,MBA,Overcast,,2/4/17,,MM,
AGP,1,1,Luke,ET,3.18083,12.814556,2017-02-04T07:47:25Z,AGP86,200,300,5.235987756,173.2050808,623,CW,,h,MBA,Overcast,,2/4/17,,MM,
CRG,20,1,Luke,ET,3.18083,12.814556,2017-02-04T07:47:25Z,AGP86,100,300,5.235987756,86.60254038,623,CW,,h,MBA,Overcast,,2/4/17,,MM,
MM,10,1,Luke,ET,3.18083,12.814556,2017-02-04T07:47:25Z,AGP86,100,300,5.235987756,86.60254038,623,CW,,h,MBA,Overcast,,2/4/17,,MM,
BCH,4,4,Luke,ET,3.18083,12.814556,2017-02-04T07:47:25Z,AGP86,50,300,5.235987756,43.30127019,623,CW,,s,MBA,Overcast,,2/4/17,,MM,feeding
WNG,12,1,Luke,ET,3.18083,12.814556,2017-02-04T07:47:25Z,AGP86,120,300,5.235987756,103.9230485,623,CW,,h,MBA,Overcast,,2/4/17,,MM,
APH,4,4,Luke,ET,3.181379,12.814315,2017-02-04T08:07:53Z,APH87,0,0,0,0,627,CW,,h,MBA,Overcast,,2/4/17,,MM,
GT,2,2,Luke,ET,3.181379,12.814315,2017-02-04T08:07:53Z,APH87,20,200,3.490658504,6.840402867,627,CW,,s,MBA,Overcast,,2/4/17,,MM,
BCH,1,1,Luke,ET,3.184519,12.812748,2017-02-04T08:30:14Z,BCH88,20,60,1.047197551,17.32050808,1210,CW,,h,MBA,Overcast,,2/4/17,,MM,
WTH,2,2,Luke,ET,3.184977,12.812606,2017-02-04T08:33:29Z,WTH89,20,80,1.396263402,19.69615506,1340,CW,,h,MBA,Overcast,,2/4/17,,MM,
MM,5,5,Luke,ET,3.184977,12.812606,2017-02-04T08:33:29Z,WTH89,0,0,0,0,1340,CW,,s,MBA,Overcast,,2/4/17,,MM,
APH,2,2,Luke,ET,3.184977,12.812606,2017-02-04T08:33:29Z,WTH89,10,0,0,0,1340,CW,,h,MBA,Overcast,,2/4/17,,MM,
WNG,1,1,Luke,ET,3.184977,12.812606,2017-02-04T08:33:29Z,WTH89,200,20,0.34906585,68.40402867,1340,CW,,h,MBA,Overcast,,2/4/17,,MM,
GFP,1,1,Luke,ET,3.184977,12.812606,2017-02-04T08:33:29Z,WTH89,40,300,5.235987756,34.64101615,1340,CW,,h,MBA,Overcast,,2/4/17,,MM,
BCH,5,5,Luke,ET,3.18552,12.812265,2017-02-04T08:44:55Z,BCH90,25,270,4.71238898,25,1440,CW,,s,MBA,Overcast,,2/4/17,,MM,feeding on etengay
RBDH,2,2,Luke,ET,3.18552,12.812265,2017-02-04T08:44:55Z,BCH90,10,320,5.585053606,6.427876097,1440,CW,,h,MBA,Overcast,,2/4/17,,MM,
GFP,1,1,Luke,ET,3.186397,12.811772,2017-02-04T08:55:31Z,GFP91,30,100,1.745329252,29.54423259,1440,CW,,h,MBA,Overcast,,2/4/17,,MM,
CRG,30,1,Luke,ET,3.186397,12.811772,2017-02-04T08:55:31Z,GFP91,25,60,1.047197551,21.65063509,1440,CW,,h,MBA,Overcast,,2/4/17,,MM,
CRG,1,1,Luke,ET,3.186836,12.811241,2017-02-04T09:05:30Z,CRG92,40,90,1.570796327,40,1440,CW,,s,MBA,Overcast,,2/4/17,10:15,MM,
APH,1,1,Jean-Jacques,JM,3.193656,12.815286,2017-02-05T05:32:42Z,81,45,350,6.108652382,7.814167995,28,CW,,h,CDC,Overcast,,2/5/17,6:22,EM,
CRG,4,4,Jean-Jacques,JM,3.194075,12.8157,2017-02-05T05:37:26Z,82,100,270,4.71238898,100,334,CW,,h,CDC,Overcast,,2/5/17,,EM,
GCM,3,3,Jean-Jacques,JM,3.196838,12.815677,2017-02-05T05:50:16Z,84,25,45,0.785398163,17.67766953,760,CW,,h,CDC,Overcast,,2/5/17,,EM,
BWC,3,3,Jean-Jacques,JM,3.196838,12.815677,2017-02-05T05:50:16Z,84,200,45,0.785398163,141.4213562,760,CW,,h,CDC,Overcast,,2/5/17,,EM,
WNG,3,3,Jean-Jacques,JM,3.196838,12.815677,2017-02-05T05:50:16Z,84,40,290,5.061454831,37.58770483,760,CW,,h,CDC,Overcast,,2/5/17,,EM,
RBDH,1,1,Jean-Jacques,JM,3.198873,12.812968,2017-02-05T06:05:46Z,85,20,200,3.490658504,6.840402867,1170,CW,,h,CDC,Overcast,,2/5/17,,EM,
CRG,5,5,Jean-Jacques,JM,3.19992,12.81144,2017-02-05T06:13:59Z,86,25,270,4.71238898,25,1416,CW,,h,CDC,Overcast,,2/5/17,,EM,
APH,2,2,Jean-Jacques,JM,3.20133,12.810779,2017-02-05T06:20:31Z,87,0,0,0,0,1610,CW,,s,CDC,Overcast,,2/5/17,,EM,
APH,2,2,Jean-Jacques,JM,3.201519,12.810782,2017-02-05T06:23:15Z,88,45,340,5.934119457,15.39090645,1630,CW,,s,CDC,Overcast,,2/5/17,,EM,
WTH,1,1,Jean-Jacques,JM,3.201519,12.810782,2017-02-05T06:23:15Z,88,0,0,0,0,1638,CW,,h,CDC,Overcast,,2/5/17,,EM,
RBDH,2,2,Jean-Jacques,JM,3.202517,12.810931,2017-02-05T06:30:33Z,89,5,10,0.174532925,0.868240888,1776,CW,,h,CDC,Overcast,,2/5/17,,EM,
BCH,1,1,Jean-Jacques,JM,3.202517,12.810931,2017-02-05T06:30:33Z,89,0,0,0,0,1776,CW,,s,CDC,Overcast,,2/5/17,,EM,
WCH,1,1,Jean-Jacques,JM,3.203773,12.81151,2017-02-05T06:37:42Z,90,10,30,0.523598776,5,1970,CW,,h,CDC,Overcast,,2/5/17,,EM,
MM,5,5,Jean-Jacques,JM,3.204057,12.811706,2017-02-05T06:41:55Z,91,30,340,5.934119457,10.2606043,2020,CW,,s,CDC,Overcast,,2/5/17,,EM,
BCH,3,3,Jean-Jacques,JM,3.204248,12.812051,2017-02-05T06:44:31Z,92,70,280,4.886921906,68.93654271,2080,CW,,h,CDC,Overcast,,2/5/17,,EM,
CRG,1,1,Jean-Jacques,JM,3.204656,12.812473,2017-02-05T06:48:24Z,93,40,30,0.523598776,20,2160,CW,,h,CDC,Overcast,,2/5/17,,EM,
BCH,5,5,Jean-Jacques,JM,3.205611,12.812962,2017-02-05T06:54:21Z,94,25,300,5.235987756,21.65063509,2300,CW,,s,CDC,Overcast,,2/5/17,,EM,
RBDH,1,1,Jean-Jacques,JM,3.207074,12.812175,2017-02-05T07:01:56Z,95,100,20,0.34906585,34.20201433,2520,CW,,h,CDC,Overcast,,2/5/17,,EM,
BCH,1,1,Jean-Jacques,JM,3.207631,12.811862,2017-02-05T07:04:58Z,96,100,80,1.396263402,98.4807753,2600,CW,,h,CDC,Overcast,,2/5/17,8:13,MM,
BCH,1,1,Jean-Jacques,JM,3.209561,12.811616,2017-02-05T07:54:22Z,98,100,340,5.934119457,34.20201433,169,CW,,h,BD,Overcast,,2/5/17,8:49,MM,
WNG,2,2,Jean-Jacques,JM,3.209869,12.813314,2017-02-05T08:02:46Z,99,40,90,1.570796327,40,389,CW,,h,BD,Overcast,,2/5/17,,MM,
WCH,2,2,Jean-Jacques,JM,3.209869,12.813314,2017-02-05T08:02:46Z,99,0,0,0,0,389,CW,,s,BD,Overcast,,2/5/17,,MM,
RBDH,3,3,Jean-Jacques,JM,3.209277,12.813574,2017-02-05T08:08:13Z,100,0,0,0,0,475,CW,,s,BD,Overcast,,2/5/17,,MM,
WTH,2,2,Jean-Jacques,JM,3.209277,12.813574,2017-02-05T08:08:13Z,100,25,340,5.934119457,8.550503583,475,CW,,h,BD,Overcast,,2/5/17,,MM,
CHIMP,3,3,Jean-Jacques,JM,3.209277,12.813574,2017-02-05T08:08:13Z,100,300,90,1.570796327,300,475,CW,,h,BD,Overcast,,2/5/17,,MM,
WTH,1,1,Jean-Jacques,JM,3.208782,12.814357,2017-02-05T08:16:07Z,101,50,90,1.570796327,50,690,CW,,s,BD,Overcast,,2/5/17,,MM,
GBT,4,4,Jean-Jacques,JM,3.209068,12.814505,2017-02-05T08:19:18Z,102,20,340,5.934119457,6.840402867,666,CW,,s,BD,Overcast,,2/5/17,,MM,
AGP,1,1,Jean-Jacques,JM,3.209068,12.814505,2017-02-05T08:19:18Z,102,0,0,0,0,666,CW,,h,BD,Overcast,,2/5/17,,MM,
WNG,3,3,Jean-Jacques,JM,3.209068,12.814505,2017-02-05T08:19:18Z,102,100,90,1.570796327,100,666,CW,,h,BD,Overcast,,2/5/17,,MM,
BCH,3,3,Jean-Jacques,JM,3.208864,12.814882,2017-02-05T08:23:03Z,103,40,90,1.570796327,40,727,CW,,h,BD,Overcast,,2/5/17,,MM,
WTH,2,2,Jean-Jacques,JM,3.208899,12.815283,2017-02-05T08:26:20Z,104,0,0,0,0,771,CW,,s,BD,Overcast,,2/5/17,,MM,
BCH,1,1,Jean-Jacques,JM,3.208955,12.815675,2017-02-05T08:31:03Z,114,0,0,0,0,822,CW,,s,BD,Overcast,,2/5/17,,MM,
APH,1,1,Jean-Jacques,JM,3.211053,12.820608,2017-02-05T08:54:57Z,115,20,0,0,0,1490,CW,,h,BD,Overcast,,2/5/17,,MM,
AGP,2,2,Jean-Jacques,JM,3.211053,12.820608,2017-02-05T08:54:57Z,115,30,120,2.094395102,25.98076211,1490,CW,,s,BD,Overcast,,2/5/17,,MM,
BCH,1,1,Jean-Jacques,JM,3.211053,12.820608,2017-02-05T08:54:57Z,115,30,270,4.71238898,30,1490,CW,,h,BD,Overcast,,2/5/17,,MM,
BCH,2,2,Jean-Jacques,JM,3.211169,12.821168,2017-02-05T09:04:10Z,116,50,290,5.061454831,46.98463104,1514,CW,,h,BD,Overcast,,2/5/17,,MM,
APH,2,2,Jean-Jacques,JM,3.21145,12.82185,2017-02-05T09:07:47Z,117,10,340,5.934119457,3.420201433,1660,CW,,s,BD,Overcast,,2/5/17,,MM,
BCH,6,6,Jean-Jacques,JM,3.21145,12.82185,2017-02-05T09:07:47Z,117,0,0,0,0,1660,CW,,s,BD,Overcast,,2/5/17,10:12,MM,
AGP,4,1,Luke,ET,3.190329,12.802415,2017-02-05T05:43:42Z,AGP91,17,310,5.410520681,13.02275553,90,CW,,h,FW,Partly Cloudy,Start Temp: 20.3,2/5/17,6:40,EM,
RBDH,2,1,Luke,ET,3.191577,12.803036,2017-02-05T05:51:58Z,RBTH92,4,290,5.061454831,3.758770483,320,CW,,h,FW,Partly Cloudy,,2/5/17,,EM,
AGP,3,0,Luke,ET,3.192411,12.801881,2017-02-05T06:00:24Z,AGP93,15,40,0.698131701,9.641814145,440,CW,,h,FW,Partly Cloudy,,2/5/17,,EM,
RBDH,1,0,Luke,ET,3.192626,12.801477,2017-02-05T06:03:26Z,RBTH94,10,310,5.410520681,7.660444431,440,CW,,h,FW,Partly Cloudy,,2/5/17,,EM,
WNG,1,1,Luke,ET,3.192626,12.801477,2017-02-05T06:03:26Z,RBTH94,5,40,0.698131701,3.213938048,440,CW,,s,FW,Partly Cloudy,,2/5/17,,EM,
AGP,4,2,Luke,ET,3.194084,12.800462,2017-02-05T06:20:59Z,AGP95,3,280,4.886921906,2.954423259,640,CW,,h,FW,Partly Cloudy,,2/5/17,,EM,
BCH,2,1,Luke,ET,3.194084,12.800462,2017-02-05T06:20:59Z,AGP95,19,350,6.108652382,3.299315376,640,CW,,h,FW,Partly Cloudy,,2/5/17,,EM,
WNG,10,0,Luke,ET,3.194673,12.80054,2017-02-05T06:26:34Z,WNG96,30,315,5.497787144,21.21320344,640,CW,,h,FW,Partly Cloudy, End Temp: 22,2/5/17,7:45,EM,
RBDH,1,1,Luke,ET,3.194687,12.804177,2017-02-05T07:03:56Z,RBDH97,100,25,0.436332313,42.26182617,250,CW,,h,N6,cloudy/windy,Start Temp: 22,2/5/17,7:45,MM,
BCH,2,2,Luke,ET,3.194607,12.804599,2017-02-05T07:08:48Z,CH98,200,45,0.785398163,141.4213562,300,CW,,h,N6,cloudy/windy,,2/5/17,,MM,
BCH,3,3,Luke,ET,3.194945,12.805475,2017-02-05T07:18:31Z,BCH99,10,20,0.34906585,3.420201433,340,CW,,s,N6,cloudy/windy,,2/5/17,,MM,
CRG,15,0,Luke,ET,3.194945,12.805475,2017-02-05T07:18:31Z,BCH99,15,270,4.71238898,15,340,CW,,h,N6,cloudy/windy,,2/5/17,,MM,
AGP,2,0,Luke,ET,3.194945,12.805475,2017-02-05T07:18:31Z,BCH99,30,270,4.71238898,30,340,CW,,h,N6,cloudy/windy,,2/5/17,,MM,
BCH,3,3,Luke,ET,3.195211,12.80676,2017-02-05T07:32:15Z,CH100,3,0,0,0,430,CW,,s,N6,cloudy/windy,,2/5/17,,MM,
WTH,2,0,Luke,ET,3.195211,12.80676,2017-02-05T07:32:15Z,CH100,200,60,1.047197551,173.2050808,430,CW,,h,N6,cloudy/windy,,2/5/17,,MM,
WNG,20,2,Luke,ET,3.195084,12.807326,2017-02-05T07:37:50Z,WNG101,300,10,0.174532925,52.0944533,610,CW,,h,N6,cloudy/windy,,2/5/17,,MM,
BCH,1,1,Luke,ET,3.194044,12.811161,2017-02-05T08:02:23Z,BCH102,15,340,5.934119457,5.13030215,900,CW,,h,N6,cloudy/windy,,2/5/17,,MM,
MM,5,1,Luke,ET,3.194044,12.811161,2017-02-05T08:02:23Z,BCH102,4,90,1.570796327,4,900,CW,,s,N6,cloudy/windy,,2/5/17,,MM,
WNG,1,1,Luke,ET,3.193634,12.811603,2017-02-05T08:10:43Z,WNG103,10,280,4.886921906,9.84807753,1000,CW,,s,N6,cloudy/windy,,2/5/17,,MM,
MM,1,1,Luke,ET,3.191557,12.811578,2017-02-05T08:23:52Z,MM104,3,300,5.235987756,2.598076211,1130,CW,,s,N6,cloudy/windy,,2/5/17,,MM,
BCH,2,1,Luke,ET,3.191557,12.811578,2017-02-05T08:23:52Z,MM104,300,250,4.36332313,281.9077862,1130,CW,,h,N6,cloudy/windy,,2/5/17,9:28,MM,
BCH,1,1,Luke,ET,3.193107,12.81858,2017-02-05T10:06:23Z,28,300,250,4.36332313,281.9077862,460,CW,,s,RDA,cloudy/windy,End Temp: 25.5,2/5/17,10:47-11:11,LM,
CRG,5,5,Jean-Jacques,ET,3.186664,12.811307,2017-02-06T05:51:27Z,CRG106,27,270,4.71238898,27,234,CW,,h,MBA,Overcast/thin clouds,Start Temp: 22.6,2/6/17,6:42,EM,
BCH,1,1,Jean-Jacques,ET,3.185021,12.812576,2017-02-06T06:00:20Z,BCH107,50,15,0.261799388,12.94095226,500,CW,,h,MBA,Overcast/thin clouds,,2/6/17,,EM,
RBDH,3,3,Jean-Jacques,ET,3.185021,12.812576,2017-02-06T06:00:20Z,BCH107,40,85,1.483529864,39.84778792,500,CW,,h,MBA,Overcast/thin clouds,,2/6/17,,EM,
BCH,1,1,Jean-Jacques,ET,3.184137,12.813249,2017-02-06T06:06:37Z,BCH108,37,45,0.785398163,26.1629509,705,CW,,h,MBA,Overcast/thin clouds,,2/6/17,,EM,
BCH,2,2,Jean-Jacques,ET,3.182949,12.813624,2017-02-06T06:12:00Z,BCH109,50,60,1.047197551,43.30127019,726,CW,,h,MBA,Overcast/thin clouds,,2/6/17,,EM,
BCH,2,2,Jean-Jacques,ET,3.181875,12.813852,2017-02-06T06:17:06Z,BCH110,45,75,1.308996939,43.46666218,934,CW,,h,MBA,Overcast/thin clouds,,2/6/17,,EM,
BCH,2,2,Jean-Jacques,ET,3.180141,12.815454,2017-02-06T06:26:34Z,BCH111,38,70,1.221730476,35.70831959,1250,CW,,h,MBA,Overcast/thin clouds,End Temp: 22.9,2/6/17,7:45,EM,
AGP,2,2,Jean-Jacques,ET,3.174321,12.816006,2017-02-06T07:11:48Z,AGP112,30,90,1.570796327,30,20,CW,,s,JL,Partly Cloudy,,2/6/17,8:06,MM,
BCH,2,2,Jean-Jacques,ET,3.173649,12.815319,2017-02-06T07:16:48Z,PETITEROCHER,100,290,5.061454831,93.96926208,240,CW,,h,JL,Partly Cloudy,Start Temp: 23,2/6/17,,MM,
GCM,4,4,Jean-Jacques,ET,3.173649,12.815319,2017-02-06T07:16:48Z,PETITEROCHER,80,40,0.698131701,51.42300877,240,CW,,h,JL,Partly Cloudy,,2/6/17,,MM,
BCH,2,2,Jean-Jacques,ET,3.172432,12.815563,2017-02-06T07:31:18Z,BCH113,100,0,0,0,470,CW,,h,JL,Partly Cloudy,,2/6/17,,MM,
BCH,2,2,Jean-Jacques,ET,3.17223,12.815077,2017-02-06T07:34:30Z,BCH114,50,345,6.021385919,12.94095226,520,CW,,s,JL,Partly Cloudy,,2/6/17,,MM,
BCH,2,2,Jean-Jacques,ET,3.171998,12.812705,2017-02-06T07:49:15Z,BCH115,50,250,4.36332313,46.98463104,830,CW,,s,JL,Partly Cloudy,,2/6/17,,MM,
BCH,1,1,Jean-Jacques,ET,3.173316,12.809051,2017-02-06T08:20:32Z,BCH116,40,10,0.174532925,6.945927107,1240,CW,,h,JL,Partly Cloudy,,2/6/17,,MM,
BWC,8,5,Jean-Jacques,ET,3.174861,12.808337,2017-02-06T08:35:27Z,BWC117,0,0,0,0,1380,CW,,s,JL,Partly Cloudy,,2/6/17,,MM,
BCH,1,1,Jean-Jacques,ET,3.174907,12.808487,2017-02-06T08:43:23Z,BCH118,0,0,0,0,1490,CW,,h,JL,Partly Cloudy,,2/6/17,,MM,
BCH,2,2,Jean-Jacques,ET,3.177684,12.804199,2017-02-06T09:19:07Z,BCH119,25,60,1.047197551,21.65063509,2130,CW,,s,JL,Partly Cloudy,End Temp:24,2/6/17,9:55,MM,
BCH,1,1,Luke,JM,3.193341,12.811681,2017-02-06T05:56:06Z,120,200,110,1.919862177,187.9385242,250,CCW,,h,N6,Overcast,Start Temp: 22.7,2/6/17,6:45,EM,
BCH,2,2,Luke,JM,3.194118,12.811289,2017-02-06T06:04:19Z,121,30,20,0.34906585,10.2606043,377,CCW,,h,N6,Overcast,,2/6/17,,EM,
RBDH,2,2,Luke,JM,3.194439,12.809941,2017-02-06T06:13:20Z,122,40,340,5.934119457,13.68080573,555,CCW,,h,N6,Overcast,,2/6/17,,EM,
BCH,4,4,Luke,JM,3.194387,12.809797,2017-02-06T06:15:32Z,123,30,20,0.34906585,10.2606043,579,CCW,,h,N6,Overcast,,2/6/17,,EM,
BCH,2,2,Luke,JM,3.194258,12.808868,2017-02-06T06:21:42Z,124,30,340,5.934119457,10.2606043,654,CCW,,h,N6,Overcast,,2/6/17,,EM,
BCH,2,2,Luke,JM,3.195034,12.807323,2017-02-06T06:35:33Z,125,30,20,0.34906585,10.2606043,935,CCW,,h,N6,Overcast,,2/6/17,,EM,
CRG,15,15,Luke,JM,3.195208,12.806285,2017-02-06T06:42:32Z,126,100,340,5.934119457,34.20201433,1080,CCW,,h,N6,Overcast,,2/6/17,,EM,
BCH,3,3,Luke,JM,3.195208,12.806285,2017-02-06T06:42:32Z,126,0,0,0,0,1080,CCW,,h,N6,Overcast,,2/6/17,,EM,
WNG,5,5,Luke,JM,3.195001,12.805876,2017-02-06T06:46:58Z,127,20,35,0.610865238,11.47152873,1140,CCW,,s,N6,Overcast,,2/6/17,,EM,
RBDH,1,1,Luke,JM,3.19493,12.805741,2017-02-06T06:51:49Z,128,30,90,1.570796327,30,1160,CCW,,h,N6,Overcast,,2/6/17,,EM,
RBDH,1,1,Luke,JM,3.194668,12.805329,2017-02-06T06:54:29Z,129,10,270,4.71238898,10,1220,CCW,,h,N6,Overcast,,2/6/17,,EM,
APH,1,1,Luke,JM,3.194668,12.805329,2017-02-06T06:54:29Z,129,10,150,2.617993878,5,1220,CCW,,h,N6,Overcast,,2/6/17,,EM,
CRG,1,1,Luke,JM,3.194668,12.805329,2017-02-06T06:54:29Z,129,30,270,4.71238898,30,1220,CCW,,h,N6,Overcast,,2/6/17,,EM,
WTH,2,2,Luke,JM,3.194623,12.804465,2017-02-06T07:02:30Z,130,0,0,0,0,1340,CCW,,h,N6,Overcast,,2/6/17,,MM,
AGP,1,1,Luke,JM,3.194765,12.803502,2017-02-06T07:08:28Z,131,10,60,1.047197551,8.660254038,1460,CCW,,h,N6,Overcast,,2/6/17,,MM,
APH,1,1,Luke,JM,3.195054,12.803186,2017-02-06T07:11:00Z,132,15,20,0.34906585,5.13030215,1520,CCW,,h,N6,Overcast,,2/6/17,,MM,
CRG,20,0,Luke,JM,3.195485,12.802095,2017-02-06T07:19:14Z,133,100,90,1.570796327,100,1690,CCW,,h,N6,Overcast,,2/6/17,8:26,MM,
AGP,3,3,Luke,JM,3.196083,12.801059,2017-02-06T07:25:49Z,134,30,150,2.617993878,15,0,CCW,,h,FW,Partly Sunny,,2/6/17,8:46,MM,
BCH,4,4,Luke,JM,3.194992,12.800789,2017-02-06T07:52:30Z,135,30,290,5.061454831,28.19077862,400,CCW,,h,FW,Partly Sunny,,2/6/17,,MM,
WNG,1,1,Luke,JM,3.194405,12.800488,2017-02-06T07:57:27Z,136,40,270,4.71238898,40,487,CCW,,h,FW,Partly Sunny,,2/6/17,,MM,
BCH,1,1,Luke,JM,3.193352,12.800833,2017-02-06T08:07:35Z,137,200,10,0.174532925,34.72963553,690,CCW,,h,FW,Partly Sunny,,2/6/17,,MM,
BCH,2,2,Luke,JM,3.192582,12.801411,2017-02-06T08:13:36Z,138,50,20,0.34906585,17.10100717,734,CCW,,h,FW,Partly Sunny,,2/6/17,,MM,
APH,2,2,Luke,JM,3.191378,12.802203,2017-02-06T08:20:38Z,139,30,340,5.934119457,10.2606043,950,CCW,,h,FW,Partly Sunny,,2/6/17,,MM,
BCH,2,2,Luke,JM,3.191378,12.802203,2017-02-06T08:20:38Z,139,30,340,5.934119457,10.2606043,950,CCW,,h,FW,Partly Sunny,,2/6/17,,MM,
BCH,1,1,Luke,JM,3.190536,12.802656,2017-02-06T08:32:55Z,140,0,0,0,0,1080,CCW,,h,FW,Partly Sunny,,2/6/17,,MM,
MM,4,4,Luke,JM,3.190536,12.802656,2017-02-06T08:32:55Z,140,30,5,0.087266463,2.614672282,1080,CCW,,h,FW,Partly Sunny,,2/6/17,9:41,MM,
BCH,1,1,Luke,JM,3.188898,12.80237,2017-02-06T08:48:34Z,143,40,10,0.174532925,6.945927107,60,CCW,,h,BOU,Partly Sunny,,2/6/17,9:46,MM,
WNG,2,2,Luke,JM,3.188898,12.80237,2017-02-06T08:48:34Z,144,40,45,0.785398163,28.28427125,832,CCW,,h,BOU,Partly Sunny,,2/6/17,,LM,
WCH,1,0,Luke,JM,3.188898,12.80237,2017-02-06T08:48:34Z,144,40,45,0.785398163,28.28427125,832,CCW,,h,BOU,Partly Sunny,End Temp : 25,2/6/17,10:21,LM,
BCH,1,1,Luke,JM,3.192824,12.818703,2017-02-07T06:10:47Z,147,30,20,0.34906585,10.2606043,106,CCW,,h,RDA,Overcast,,2/7/17,7:07,EM,
BCH,2,2,Luke,JM,3.192416,12.818902,2017-02-07T06:13:18Z,148,40,340,5.934119457,13.68080573,165,CCW,,s,RDA,Overcast,,2/7/17,,EM,
WNG,3,3,Luke,JM,3.192261,12.819105,2017-02-07T06:14:32Z,149,50,330,5.759586532,25,199,CCW,,h,RDA,Overcast,,2/7/17,,EM,
BCH,4,4,Luke,JM,3.191647,12.820178,2017-02-07T06:20:03Z,150,0,0,0,0,354,CCW,,h,RDA,Overcast,,2/7/17,,EM,
RBDH,1,1,Luke,JM,3.190859,12.821027,2017-02-07T06:25:56Z,151,20,340,5.934119457,6.840402867,580,CCW,,h,RDA,Overcast,,2/7/17,7:22,EM,
APH,3,3,Luke,JM,3.211495,12.822795,2017-02-07T08:21:10Z,153,0,0,0,0,0,CCW,,s,ENT,Partly Sunnny,,;,9:21,MM,
BCH,2,2,Luke,JM,3.210633,12.822932,2017-02-07T08:26:45Z,154,30,170,2.967059728,5.20944533,114,CCW,,h,ENT,Partly Sunnny,,2/7/17,,MM,
BCH,2,2,Luke,JM,3.209633,12.824074,2017-02-07T08:32:13Z,155,100,80,1.396263402,98.4807753,293,CCW,,h,ENT,Partly Sunnny,,2/7/17,,MM,
PPH,3,3,Luke,JM,3.198255,12.821471,2017-02-07T09:12:15Z,156,0,0,0,0,2150,CCW,,s,ENT,Partly Sunnny,,2/7/17,,LM,
BCH,2,2,Luke,JM,3.197705,12.821947,2017-02-07T09:15:12Z,157,50,20,0.34906585,17.10100717,2250,CCW,,s,ENT,Partly Sunnny,,2/7/17,,LM,
APH,6,6,Luke,JM,3.193648,12.820823,2017-02-07T09:29:05Z,158,0,0,0,0,2820,CCW,,s,ENT,Partly Sunnny,,2/7/17,,LM,
APH,1,1,Luke,JM,3.191723,12.814668,2017-02-07T09:46:32Z,159,0,0,0,0,3620,CCW,,h,ENT,Partly Sunnny,,2/7/17,10:51,LM,
BCH,3,3,Jean-Jacques,ET,3.196128,12.801073,2017-02-07T06:53:16Z,ELE STRT 7TH,50,200,3.490658504,17.10100717,0,CW,,h,EL ,Partly Sunny,,2/7/17,START: 7:54,MM,Emily's notebook has this data as the 6th on a Tuesday  
BCH,1,1,Jean-Jacques,ET,3.199953,12.801169,2017-02-07T07:13:26Z,BCH 120,20,60,1.047197551,17.32050808,320,CW,,h,EL ,Partly Sunny,,2/7/17,,MM,
WCH,1,1,Jean-Jacques,ET,3.200641,12.800878,2017-02-07T07:17:57Z,WCH121,45,70,1.221730476,42.28616794,500,CW,,h,EL ,Partly Sunny,,2/7/17,,MM,
MM,4,4,Jean-Jacques,ET,3.201342,12.800764,2017-02-07T07:23:11Z,MM122,50,30,0.523598776,25,520,CW,,s,EL ,Partly Sunny,,2/7/17,,MM,
BCH,1,1,Jean-Jacques,ET,3.201342,12.800764,2017-02-07T07:23:11Z,MM122,100,120,2.094395102,86.60254038,520,CW,,h,EL ,Partly Sunny,,2/7/17,,MM,
BCH,2,2,Jean-Jacques,ET,3.202745,12.801804,2017-02-07T07:33:04Z,BCH123,5,60,1.047197551,4.330127019,830,CW,,h,EL ,Partly Sunny,,2/7/17,,MM,
BCH,1,1,Jean-Jacques,ET,3.204301,12.801764,2017-02-07T07:40:08Z,BCH124,50,300,5.235987756,43.30127019,910,CW,,h,EL ,Partly Sunny,,2/7/17,,MM,
AGP,2,2,Jean-Jacques,ET,3.205537,12.802952,2017-02-07T07:47:50Z,AGP125,25,120,2.094395102,21.65063509,1210,CW,,h,EL ,Partly Sunny,,2/7/17,,MM,
BCH,2,2,Jean-Jacques,ET,3.207142,12.805811,2017-02-07T08:07:07Z,BCH126,40,160,2.792526803,13.68080573,1600,CW,,h,EL ,Partly Sunny,,2/7/17,,MM,
MM,2,2,Jean-Jacques,ET,3.207142,12.805811,2017-02-07T08:07:07Z,BCH126,30,200,3.490658504,10.2606043,1600,CW,,h,EL ,Partly Sunny,,2/7/17,,MM,only heard tree noises
APH,2,2,Jean-Jacques,ET,3.207142,12.805811,2017-02-07T08:07:07Z,BCH126,30,100,1.745329252,29.54423259,1600,CW,,h,EL ,Partly Sunny,,2/7/17,,MM,
BCH,6,6,Jean-Jacques,ET,3.208512,12.809041,2017-02-07T08:25:43Z,BCH127,20,270,4.71238898,20,2400,CW,,s,EL ,Partly Sunny,,2/7/17,END: 9:37,MM,
BCH,2,2,Jean-Jacques,ET,3.209211,12.810842,2017-02-07T08:38:16Z,JNC ELE CDC BD,20,0,0,0,0,CW,,s,CDC,Sunny,,2/7/17,START: 9:45,LM,
BCH,4,4,Jean-Jacques,ET,3.207895,12.811687,2017-02-07T08:58:44Z,BCH128,25,45,0.785398163,17.67766953,150,CW,,s,CDC,Sunny,,2/7/17,,LM,
BCH,3,3,Jean-Jacques,ET,3.207597,12.811905,2017-02-07T09:05:44Z,BCH129,0,0,0,0,230,CW,,h,CDC,Sunny,,2/7/17,,LM,
BCH,1,1,Jean-Jacques,ET,3.202208,12.810845,2017-02-07T09:57:37Z,BCH130,100,90,1.570796327,100,1280,CW,,h,CDC,Sunny,,2/7/17,BREAK: 10:15- 10:38,LM,
MM,6,6,Jean-Jacques,ET,3.201542,12.810903,2017-02-07T10:00:52Z,MM131,25,30,0.523598776,12.5,1280,CW,,h,CDC,Sunny,,2/7/17,,LM,only heard tree noises
WNG,2,2,Jean-Jacques,ET,3.200552,12.810998,2017-02-07T10:06:34Z,WNG132,45,300,5.235987756,38.97114317,1500,CW,,s,CDC,Sunny,,2/7/17,,LM,
MM,2,2,Jean-Jacques,ET,3.195729,12.815751,2017-02-07T10:32:11Z,MM133,30,300,5.235987756,25.98076211,2100,CW,,h,CDC,Sunny,,2/7/17,,LM,
APH,1,1,Jean-Jacques,ET,3.193625,12.815266,2017-02-07T10:39:46Z,APH 134,50,0,0,0,2470,CW,,h,CDC,Sunny,,2/7/17,END: 11:46,LM,
BCH,1,1,Luke,JM,3.190496,12.813777,2017-02-09T05:50:04Z,161,0,0,0,0,0,CCW,,h,SB,Overcast,,2/9/17,START: 6:51,EM,
APH,4,4,Luke,JM,3.190496,12.813777,2017-02-09T05:50:04Z,161,0,0,0,0,0,CCW,,s,SB,Overcast,,2/9/17,,EM,
CRG,25,25,Luke,JM,3.190063,12.813825,2017-02-09T05:56:14Z,162,15,330,5.759586532,7.5,90,CCW,,s,SB,Overcast,,2/9/17,,EM,
WNG,2,2,Luke,JM,3.190063,12.813825,2017-02-09T05:56:14Z,162,15,330,5.759586532,7.5,90,CCW,,s,SB,Overcast,,2/9/17,,EM,
RBDH,1,1,Luke,JM,3.189064,12.814062,2017-02-09T06:06:57Z,163,50,50,0.872664626,38.30222216,225,CCW,,s,SB,Overcast,,2/9/17,,EM,
BCH,1,1,Luke,JM,3.186809,12.815405,2017-02-09T06:19:38Z,164,50,270,4.71238898,50,558,CCW,,h,SB,Overcast,,2/9/17,,EM,
APH,1,1,Luke,JM,3.185412,12.815377,2017-02-09T06:32:21Z,165,30,30,0.523598776,15,881,CCW,,h,SB,Overcast,,2/9/17,END: 7:45,EM,
RBDH,3,3,Luke,JM,3.176382,12.816622,2017-02-09T07:41:48Z,167,20,10,0.174532925,3.472963553,0,CCW,,h,MBA,Overcast,,2/9/17,START: 8:42,EM,
BCH,1,1,Luke,JM,3.179698,12.81546,2017-02-09T07:56:27Z,168,30,340,5.934119457,10.2606043,444,CCW,,h,MBA,Overcast,,2/9/17,,EM,
BCH,1,1,Luke,JM,3.181888,12.813837,2017-02-09T08:08:30Z,169,40,340,5.934119457,13.68080573,769,CCW,,h,MBA,Overcast,,2/9/17,,LM,
BCH,1,1,Luke,JM,3.182415,12.813454,2017-02-09T08:11:15Z,170,10,330,5.759586532,5,871,CCW,,h,MBA,Overcast,,2/9/17,,LM,
BCH,1,1,Luke,JM,3.184265,12.813097,2017-02-09T08:17:08Z,171,40,190,3.316125579,6.945927107,1110,CCW,,h,MBA,Overcast,,2/9/17,,LM,
WNG,1,1,Luke,JM,3.184265,12.813097,2017-02-09T08:17:08Z,171,30,350,6.108652382,5.20944533,1110,CCW,,h,MBA,Overcast,,2/9/17,,LM,
BCH,1,1,Luke,JM,3.184876,12.812758,2017-02-09T08:22:27Z,172,30,30,0.523598776,15,1210,CCW,,h,MBA,Overcast,,2/9/17,,LM,
APH,1,1,Luke,JM,3.187006,12.811225,2017-02-09T08:34:29Z,173,40,45,0.785398163,28.28427125,1320,CCW,,h,MBA,Overcast,,2/9/17,,LM,
BCH,1,1,Luke,JM,3.187126,12.811099,2017-02-09T08:36:03Z,174,30,340,5.934119457,10.2606043,1330,CCW,,h,MBA,Overcast,,2/9/17,END: 9:40,LM,
BCH,2,2,Jean-Jacques,ET,3.194025,12.8113,2017-02-09T05:56:02Z,STRTN69,100,100,1.745329252,98.4807753,0,CCW,,h,N6,Overcast,,2/9/17,START: 6:55,EM,
BCH,1,1,Jean-Jacques,ET,3.194338,12.810653,2017-02-09T05:59:48Z,BCH135,50,180,3.141592654,6.13E-15,70,CCW,,h,N6,Overcast,,2/9/17,,EM,
RBDH,2,2,Jean-Jacques,ET,3.1944,12.809376,2017-02-09T06:04:38Z,RBDH136,100,325,5.672320069,57.35764364,199,CCW,,h,N6,Overcast,,2/9/17,,EM,
WNG,2,2,Jean-Jacques,ET,3.194302,12.80855,2017-02-09T06:10:33Z,WNG137,50,270,4.71238898,50,283,CCW,,h,N6,Overcast,,2/9/17,,EM,
CRG,6,6,Jean-Jacques,ET,3.195055,12.807307,2017-02-09T06:16:49Z,CRG138,25,30,0.523598776,12.5,442,CCW,,h,N6,Overcast,,2/9/17,,EM,
BCH,1,1,Jean-Jacques,ET,3.195055,12.807307,2017-02-09T06:16:49Z,CRG138,46,90,1.570796327,46,442,CCW,,h,N6,Overcast,,2/9/17,,EM,
BCH,3,3,Jean-Jacques,ET,3.195261,12.806401,2017-02-09T06:22:11Z,BCH139,20,90,1.570796327,20,537,CCW,,s,N6,Overcast,,2/9/17,,EM,m&f not feeding
AGP,2,2,Jean-Jacques,ET,3.195261,12.806401,2017-02-09T06:22:11Z,BCH139,25,290,5.061454831,23.49231552,537,CCW,,h,N6,Overcast,,2/9/17,,EM,
GBT,1,1,Jean-Jacques,ET,3.195261,12.806401,2017-02-09T06:22:11Z,BCH139,30,220,3.839724354,19.28362829,537,CCW,,h,N6,Overcast,,2/9/17,,EM,
RBDH,2,2,Jean-Jacques,ET,3.195036,12.805856,2017-02-09T06:26:37Z,RBDH140,45,245,4.276056667,40.78385042,537,CCW,,h,N6,Overcast,,2/9/17,,EM,
WTH,2,2,Jean-Jacques,ET,3.194596,12.805271,2017-02-09T06:31:07Z,WTH141,47,70,1.221730476,44.16555318,710,CCW,,h,N6,Overcast,,2/9/17,,EM,
RBDH,1,1,Jean-Jacques,ET,3.195247,12.802715,2017-02-09T06:43:06Z,RBDH142,50,280,4.886921906,49.24038765,1030,CCW,,h,N6,Overcast,,2/9/17,,EM,
WNG,1,1,Jean-Jacques,ET,3.195484,12.802105,2017-02-09T06:46:33Z,WNG143,50,255,4.450589593,48.29629131,1030,CCW,,h,N6,Overcast,,2/9/17,END: 7:57,EM,
BCH,2,2,Jean-Jacques,ET,3.193785,12.800811,2017-02-09T07:16:55Z,BCH144,50,110,1.919862177,46.98463104,280,CCW,,h,FW,Partly Sunny,,2/9/17,START: 8:06,MM,
WNG,3,3,Jean-Jacques,ET,3.192291,12.80139,2017-02-09T07:25:56Z,WNG145,100,360,6.283185307,2.45E-14,500,CCW,,h,FW,Partly Sunny,,2/9/17,,MM,
BCH,1,1,Jean-Jacques,ET,3.191017,12.802892,2017-02-09T07:35:13Z,BCH146,25,0,0,0,730,CCW,,h,FW,Partly Sunny,,2/9/17,,MM,
BCH,2,2,Jean-Jacques,ET,3.190406,12.802573,2017-02-09T07:38:35Z,BCH147,200,35,0.610865238,114.7152873,790,CCW,,h,FW,Partly Sunny,,2/9/17,,MM,
APH,4,4,Jean-Jacques,ET,3.189606,12.801938,2017-02-09T07:42:47Z,APH148,0,0,0,0,960,CCW,,s,FW,Partly Sunny,,2/9/17,END: 8:49,MM,
BCH,1,1,Luke,JM,3.188932,12.808984,2017-02-10T05:48:57Z,177,30,20,0.34906585,10.2606043,216,CCW,,h,BOU,Overcast,,2/10/17,START: 6:42,EM,
RBDH,2,2,Luke,JM,3.188633,12.808371,2017-02-10T05:51:39Z,178,60,90,1.570796327,60,358,CCW,,h,BOU,Overcast,,2/10/17,,EM,
BCH,3,3,Luke,JM,3.188436,12.80775,2017-02-10T05:54:20Z,179,0,0,0,0,447,CCW,,s,BOU,Overcast,,2/10/17,,EM,
BCH,1,1,Luke,JM,3.188311,12.805048,2017-02-10T06:02:21Z,180,30,270,4.71238898,30,786,CCW,,h,BOU,Overcast,,2/10/17,,EM,
WTH,1,1,Luke,JM,3.188483,12.802847,2017-02-10T06:09:33Z,181,15,30,0.523598776,7.5,1080,CCW,,h,BOU,Overcast,,2/10/17,,EM,
WCH,1,1,Luke,JM,3.188483,12.802847,2017-02-10T06:09:33Z,181,30,150,2.617993878,15,1080,CCW,,h,BOU,Overcast,,2/10/17,END: 7:10,EM,
BCH,2,2,Luke,JM,3.175227,12.807327,2017-02-10T07:42:49Z,188,0,0,0,0,0,CCW,,s,JL,Overcast,,2/10/17,START: 8:43,EM,
BCH,2,2,Luke,JM,3.174414,12.80824,2017-02-10T07:48:07Z,189,30,30,0.523598776,15,162,CCW,,h,JL,Overcast,,2/10/17,,EM,
BCH,2,2,Luke,JM,3.173555,12.808768,2017-02-10T07:52:24Z,190,0,0,0,0,288,CCW,,h,JL,Overcast,,2/10/17,,EM,
WCH,1,1,Luke,JM,3.172974,12.810047,2017-02-10T07:58:02Z,191,40,40,0.698131701,25.71150439,464,CCW,,h,JL,Overcast,,2/10/17,,EM,
WNG,1,1,Luke,JM,3.172008,12.811649,2017-02-10T08:08:45Z,192,30,30,0.523598776,15,731,CCW,,h,JL,Overcast,,2/10/17,,MM,
BCH,5,5,Luke,JM,3.171975,12.812626,2017-02-10T08:15:33Z,193,20,20,0.34906585,6.840402867,862,CCW,,s,JL,Overcast,,2/10/17,,MM,
BCH,3,3,Luke,JM,3.172159,12.813491,2017-02-10T08:21:43Z,194,5,5,0.087266463,0.435778714,915,CCW,,h,JL,Overcast,,2/10/17,,MM,
APH,1,1,Luke,JM,3.172313,12.815394,2017-02-10T08:29:19Z,195,50,50,0.872664626,38.30222216,1200,CCW,,h,JL,Overcast,,2/10/17,END: 9:33,MM,
PPH,5,5,Jean-Jacques,ET,3.189233,12.822994,2017-02-10T06:53:11Z,RDA START,30,170,2.967059728,5.20944533,0,,,s,RDA,Overcast,,2/10/17,START: 7:57,,
APH,1,1,Jean-Jacques,ET,3.191522,12.820311,2017-02-10T07:03:02Z,APH 149,25,270,4.71238898,25,440,,,h,RDA,Overcast,,2/10/17,END: 8:12,,
BCH,2,2,Jean-Jacques,ET,3.211183,12.822813,2017-02-10T08:55:09Z,BCH 150,100,60,1.047197551,86.60254038,30,,,h,ENT,Overcast,,2/10/17,START: 9:53,,Not labeled in Emily's notebook. Assumed this is enterence start
PPH,2,2,Jean-Jacques,ET,3.208789,12.824115,2017-02-10T09:03:37Z,PPH 151,45,190,3.316125579,7.814167995,400,,,h,ENT,Overcast,,2/10/17,,,
BCH,1,1,Jean-Jacques,ET,3.208789,12.824115,2017-02-10T09:03:37Z,PPH 151,100,270,4.71238898,100,400,,,h,ENT,Overcast,,2/10/17,,,
PPH,2,2,Jean-Jacques,ET,3.208348,12.824132,2017-02-10T09:06:15Z,PPH 152,50,270,4.71238898,50,420,,,h,ENT,Overcast,,2/10/17,,,
CRG,7,7,Jean-Jacques,ET,3.205641,12.824438,2017-02-10T09:13:53Z,CRG 153,48,300,5.235987756,41.56921938,700,,,h,ENT,Overcast,,2/10/17,,,GPS Point mislabeled
WNG,2,2,Jean-Jacques,ET,3.205641,12.824438,2017-02-10T09:13:53Z,CRG 153,60,270,4.71238898,60,700,,,s,ENT,Overcast,,2/10/17,,,GPS Point mislabeled
RBDH,2,2,Jean-Jacques,ET,3.201133,12.820642,2017-02-10T09:41:58Z,RBDH 154,50,200,3.490658504,17.10100717,1430,,,h,ENT,Overcast,,2/10/17,,,GPS Point mislabeled
BCH,2,2,Jean-Jacques,ET,3.200542,12.819906,2017-02-10T09:47:49Z,BCH 155,40,50,0.872664626,30.64177772,1480,,,h,ENT,Overcast,,2/10/17,,,
CRG,1,1,Jean-Jacques,ET,3.193763,12.820551,2017-02-10T10:18:13Z,CRG 156,40,190,3.316125579,6.945927107,2480,,,h,ENT,Overcast,,2/10/17,,,
APH,2,2,Jean-Jacques,ET,3.193876,12.820204,2017-02-10T10:19:53Z,APH 157,200,30,0.523598776,100,2520,,,h,ENT,Overcast,,2/10/17,END: 11:39,,
BCH,1,1,Luke,JM,3.20844,12.808794,2017-02-11T08:10:42Z,204,10,90,1.570796327,10,269,CCW,,s,EL ,Partly Sunny,,2/11/17,START: 8:55,MM,
BCH,1,1,Luke,JM,3.207607,12.807028,2017-02-11T08:22:06Z,205,100,20,0.34906585,34.20201433,523,CCW,,h,EL ,Partly Sunny,,2/11/17,,MM,
BCH,1,1,Luke,JM,3.205947,12.803128,2017-02-11T08:40:35Z,206,100,100,1.745329252,98.4807753,1020,CCW,,h,EL ,Partly Sunny,,2/11/17,,MM,
RBDH,1,1,Luke,JM,3.200844,12.800965,2017-02-11T09:07:03Z,207,100,340,5.934119457,34.20201433,1054,CCW,,h,EL ,Partly Sunny,,2/11/17,,MM,
RBDH,1,1,Luke,JM,3.200844,12.800965,2017-02-11T09:07:03Z,207,20,180,3.141592654,2.45E-15,1089,CCW,,h,EL ,Partly Sunny,,2/11/17,,LM,
RBDH,1,1,Luke,JM,3.200844,12.800965,2017-02-11T09:07:03Z,207,30,120,2.094395102,25.98076211,1860,CCW,,h,EL ,Partly Sunny,,2/11/17,,LM,
CRG,15,15,Luke,JM,3.199691,12.801101,2017-02-11T09:15:00Z,208,10,20,0.34906585,3.420201433,1970,CCW,,s,EL ,Partly Sunny,,2/11/17,,LM,
APH,2,2,Luke,JM,3.198565,12.801059,2017-02-11T09:22:20Z,209,10,270,4.71238898,10,2120,CCW,,s,EL ,Partly Sunny,,2/11/17,END: 10:32,LM,
RBDH,2,2,Jean-Jacques,ET,3.193155,12.815148,2017-02-11T06:06:44Z,RBDH 158,50,300,5.235987756,43.30127019,79,CW,,h,CDC,Cloudy,,2/11/17,START: 6:52,EM ,
BCH,2,2,Jean-Jacques,ET,3.193155,12.815148,2017-02-11T06:06:44Z,RBDH 158,1,0,0,0,79,CW,,s,CDC,Cloudy,,2/11/17,,EM ,
WTH,4,4,Jean-Jacques,ET,3.193155,12.815148,2017-02-11T06:06:44Z,RBDH 158,1,0,0,0,134,CW,,s,CDC,Cloudy,,2/11/17,,EM ,
CRG,2,2,Jean-Jacques,ET,3.196928,12.815703,2017-02-11T06:27:14Z,CRG 159,2,90,1.570796327,2,626,CW,,s,CDC,Cloudy,,2/11/17,,EM ,
BCH,1,1,Jean-Jacques,ET,3.196928,12.815703,2017-02-11T06:27:14Z,CRG 159,100,140,2.443460953,64.27876097,626,CW,,h,CDC,Cloudy,,2/11/17,,EM ,
APH,1,1,Jean-Jacques,ET,3.196928,12.815703,2017-02-11T06:27:14Z,CRG 159,100,0,0,0,626,CW,,h,CDC,Cloudy,,2/11/17,,EM ,
WNG,1,1,Jean-Jacques,ET,3.197781,12.814603,2017-02-11T06:39:23Z,WNG 160,3,0,0,0,774,CW,,s,CDC,Cloudy,,2/11/17,,EM ,
BCH,1,1,Jean-Jacques,ET,3.197781,12.814603,2017-02-11T06:39:23Z,WNG 160,100,110,1.919862177,93.96926208,774,CW,,h,CDC,Cloudy,,2/11/17,,EM ,
BCH,1,1,Jean-Jacques,ET,3.198499,12.813529,2017-02-11T06:45:22Z,BCH 161,80,100,1.745329252,78.78462024,935,CW,,h,CDC,Cloudy,,2/11/17,,EM ,
BCH,2,2,Jean-Jacques,ET,3.199661,12.812092,2017-02-11T06:52:36Z,BCH 162,50,180,3.141592654,6.13E-15,1160,CW,,s,CDC,Cloudy,,2/11/17,,EM ,
GBT,2,2,Jean-Jacques,ET,3.200025,12.811347,2017-02-11T06:55:13Z,GBT 163,150,200,3.490658504,51.3030215,1270,CW,,h,CDC,Cloudy,,2/11/17,,EM ,
WTH,2,2,Jean-Jacques,ET,3.200025,12.811347,2017-02-11T06:55:13Z,GBT 163,50,345,6.021385919,12.94095226,1270,CW,,h,CDC,Cloudy,,2/11/17,,EM ,
AGP,2,2,Jean-Jacques,ET,3.201922,12.810904,2017-02-11T07:04:16Z,AGP 164,40,190,3.316125579,6.945927107,1520,CW,,s,CDC,Cloudy,,2/11/17,,MM,
AGP,1,1,Jean-Jacques,ET,3.202709,12.810881,2017-02-11T07:07:10Z,AGP 165,40,340,5.934119457,13.68080573,1520,CW,,s,CDC,Cloudy,,2/11/17,,MM,
APH,1,1,Jean-Jacques,ET,3.202709,12.810881,2017-02-11T07:07:10Z,AGP 165,100,155,2.705260341,42.26182617,1520,CW,,h,CDC,Cloudy,,2/11/17,,MM,
GBT,2,2,Jean-Jacques,ET,3.204,12.811794,2017-02-11T07:13:28Z,GBT 166,300,265,4.625122518,298.8584094,1780,CW,,h,CDC,Cloudy,,2/11/17,,MM,
BCH,2,2,Jean-Jacques,ET,3.204827,12.812453,2017-02-11T07:17:31Z,BCH 167,150,290,5.061454831,140.9538931,1870,CW,,h,CDC,Cloudy,,2/11/17,END: 8:36,MM,
MM,2,2,Jean-Jacques,ET,3.208855,12.81498,2017-02-11T08:18:00Z,MM 168,30,70,1.221730476,28.19077862,500,CW,,s,BD,Partly Sunny,,2/11/17,START: 8:54,MM,
BCH,2,2,Jean-Jacques,ET,3.209071,12.815902,2017-02-11T08:22:55Z,BCH 169,100,90,1.570796327,100,590,CW,,h,BD,Partly Sunny,,2/11/17,,MM,
BCH,2,2,Jean-Jacques,ET,3.209888,12.818728,2017-02-11T08:44:21Z,BCH 170,100,30,0.523598776,50,910,CW,,h,BD,Partly Sunny,,2/11/17,,MM,
BCH,12,12,Jean-Jacques,ET,3.210722,12.819952,2017-02-11T08:51:12Z,BCH 171,50,10,0.174532925,8.682408883,1080,CW,,h,BD,Partly Sunny,,2/11/17,END: 10:04,MM,
MM,1,1,Jean-Jacques,TJ,3.189758,12.813935,2017-02-12T06:19:09Z,MM 172,10,225,3.926990817,7.071067812,117,CW,,ss,SB,overcast,,2/12/17,START;7:12,EM,
BCH,1,1,Jean-Jacques,TJ,3.189686,12.813883,2017-02-12T06:24:30Z,BCH173,100,340,5.934119457,34.20201433,117,CW,,h,SB,overcast,,2/12/17,,EM,
APH,2,2,Jean-Jacques,TJ,3.187567,12.814649,2017-02-12T06:42:25Z,APH 174,30,135,2.35619449,21.21320344,368,CW,,h,SB,overcast,,2/12/17,,EM,
RBDH,2,2,Jean-Jacques,TJ,3.187188,12.815303,2017-02-12T06:48:03Z,RBDH175,100,350,6.108652382,17.36481777,368,CW,,h,SB,overcast,,2/12/17,, ,
BCH,2,2,Jean-Jacques,TJ,3.186877,12.815458,2017-02-12T06:52:59Z,BCH 176,50,350,6.108652382,8.682408883,369,CW,,h,SB,overcast,,2/12/17,,EM,
WNG,2,2,Jean-Jacques,TJ,3.185378,12.815475,2017-02-12T07:05:10Z,WNG 177,150,25,0.436332313,63.39273926,685,CW,,h,SB,overcast,,2/12/17,,MM,
BCH,2,2,Jean-Jacques,TJ,3.184356,12.813265,2017-02-12T07:19:17Z,BCH 178,200,285,4.974188368,193.1851653,925,CW,,h,SB,overcast,,2/12/17,END:8:21,MM,